{"resnetec_n_18_clf2": [32, 1.311626, 0.083909578, 0.0, 0.0], "resnetec_n_18_clf0": [32, 0.101066, 0.086000922, 0.0, 0.0], "resnetec_n_18_clf1": [32, 0.337226, 0.08406817, 0.0, 0.0], "mobilenet_v1_075": [160, 2.59, 0.162, 65.2, 86.1], "backtrack_thin_clf2": [32, 8.434, 0.064, 0.0, 0.0], "backtrack_thin_clf1": [32, 7.782, 0.022, 0.0, 0.0], "backtrack_thin_clf0": [32, 7.585, 0.048, 0.0, 0.0], "c100_resnet_n_5_clf1": [32, 0.088202, 0.022504106, 0.0, 0.0], "c100_resnet_n_5_clf0": [32, 0.025348, 0.024217444, 0.0, 0.0], "c100_resnet_n_5_clf2": [32, 0.357348, 0.022465572, 0.0, 0.0], "backtrack_doubling_clf2": [32, 29.90331, 0.04610331, 0.0, 0.0], "c100_resnet_n_3_clf2": [32, 0.209636, 0.013011748, 0.0, 0.0], "c100_resnet_n_3_clf1": [32, 0.05121, 0.013034026, 0.0, 0.0], "c100_resnet_n_3_clf0": [32, 0.016068, 0.01471466, 0.0, 0.0], "inception_v2": [224, 1.0, 1.0, 73.9, 91.8], "inception_v3": [299, 1.0, 1.0, 78.0, 93.9], "inception_v1": [224, 6.7977, 1.502, 69.8, 89.6], "backtrack_doubling_clf0": [32, 1.806902, 0.003063518, 0.0, 0.0], "inception_v4": [299, 1.0, 1.0, 80.2, 95.2], "resnet_n_9_clf2": [32, 0.646922, 0.04136737, 0.0, 0.0], "resnet_n_9_clf1": [32, 0.162186, 0.041444266, 0.0, 0.0], "resnet_n_9_clf0": [32, 0.042378, 0.043221482, 0.0, 0.0], "resnet50_clf1": [224, 10.212329, 1.467571177, 40.56, 67.43], "resnet50_clf0": [224, 4.564073, 1.817092009, 46.69, 70.22], "resnet50_clf2": [224, 15.955945, 0.759970793, 76.51, 93.21], "resnetec_n_9_clf1": [32, 0.170762, 0.04145281, 0.0, 0.0], "resnetec_n_9_clf0": [32, 0.059306, 0.043238394, 0.0, 0.0], "resnetec_n_9_clf2": [32, 0.646922, 0.04136737, 0.0, 0.0], "nasnet_mobile": [224, 5.3, 0.564, 74.0, 91.6], "c100_resnetec_n_3_clf1": [32, 0.065636, 0.01304842, 0.0, 0.0], "c100_resnetec_n_3_clf0": [32, 0.037316, 0.014735892, 0.0, 0.0], "c100_resnetec_n_3_clf2": [32, 0.209636, 0.013011748, 0.0, 0.0], "backtrack_doublet_clf-1": [32, 10.277839, 0.182137807, 0.0, 0.0], "c100_resnet_n_18_clf2": [32, 1.317476, 0.083915428, 0.0, 0.0], "mobilenet_v1": [224, 3.185088, 0.567716352, 70.7, 89.5], "c100_resnet_n_18_clf0": [32, 0.085668, 0.08598554, 0.0, 0.0], "c100_resnet_n_18_clf1": [32, 0.32865, 0.084059626, 0.0, 0.0], "c100_resnet_n_7_clf0": [32, 0.034628, 0.033720228, 0.0, 0.0], "c100_backtrack_doubling_clf1": [32, 7.4958, 0.0409614, 0.0, 0.0], "backtrack_thin_clf-1": [32, 8.434, 0.064, 0.0, 0.0], "backtrack_doubling_small_clf0": [32, 0.408726, 0.000789561, 0.0, 0.0], "backtrack_doubling_small_clf1": [32, 1.652965, 0.006170821, 0.0, 0.0], "backtrack_doubling_small_clf2": [32, 6.630494, 0.008907494, 0.0, 0.0], "backtrack_doubling_clf1": [32, 7.405701, 0.04087131, 0.0, 0.0], "backtrack_clf0": [32, 140.025, 0.18, 0.0, 0.0], "backtrack_clf1": [32, 31.022, 0.491, 0.0, 0.0], "resnetec_n_5_clf1": [32, 0.096778, 0.02251265, 0.0, 0.0], "resnetec_n_5_clf0": [32, 0.040746, 0.024232826, 0.0, 0.0], "resnetec_n_5_clf2": [32, 0.351498, 0.022459722, 0.0, 0.0], "full": [32, 11.789455, 0.628078382, 0.0, 0.0], "c100_backtrack_doubling_tiny_clf2": [32, 1.556049, 0.002180049, 0.0, 0.0], "c100_backtrack_doubling_tiny_clf0": [32, 0.306897, 0.000579201, 0.0, 0.0], "c100_backtrack_doubling_tiny_clf1": [32, 0.50138, 0.00191258, 0.0, 0.0], "mobilenet_v1_025": [128, 0.2, 0.015, 41.3, 66.2], "backtrack_doublet_clf0": [32, 7.726015, 0.211468015, 0.0, 0.0], "backtrack_doublet_clf1": [32, 8.509327, 0.165058447, 0.0, 0.0], "backtrack_doublet_clf2": [32, 10.277839, 0.182137807, 0.0, 0.0], "resnet_n_7_clf1": [32, 0.125194, 0.031974186, 0.0, 0.0], "resnet_n_7_clf0": [32, 0.033098, 0.033718698, 0.0, 0.0], "resnet_n_7_clf2": [32, 0.49921, 0.031913546, 0.0, 0.0], "backtrack_doubling_tiny_clf0": [32, 0.284307, 0.000556611, 0.0, 0.0], "backtrack_doubling_tiny_clf1": [32, 0.47249, 0.00188369, 0.0, 0.0], "backtrack_doubling_tiny_clf2": [32, 1.504749, 0.002128749, 0.0, 0.0], "full_thin": [32, 8.545167, 0.119707662, 0.0, 0.0], "gradual_clf2": [32, 31.022365, 0.491080546, 0.0, 0.0], "gradual_clf3": [32, 9.392719, 0.12551147, 0.0, 0.0], "c100_resnetec_n_9_clf1": [32, 0.176612, 0.04145866, 0.0, 0.0], "c100_resnetec_n_9_clf0": [32, 0.065156, 0.043244244, 0.0, 0.0], "c100_resnetec_n_9_clf2": [32, 0.652772, 0.04137322, 0.0, 0.0], "c100_resnet_n_9_clf1": [32, 0.162186, 0.041444266, 0.0, 0.0], "c100_resnet_n_9_clf0": [32, 0.043908, 0.043223012, 0.0, 0.0], "c100_resnet_n_9_clf2": [32, 0.652772, 0.04137322, 0.0, 0.0], "c100_resnetec_n_5_clf2": [32, 0.357348, 0.022465572, 0.0, 0.0], "c100_resnetec_n_5_clf1": [32, 0.102628, 0.0225185, 0.0, 0.0], "c100_resnetec_n_5_clf0": [32, 0.046596, 0.024238676, 0.0, 0.0], "c100_resnetec_n_7_clf1": [32, 0.13962, 0.03198858, 0.0, 0.0], "c100_resnetec_n_7_clf0": [32, 0.055876, 0.03374146, 0.0, 0.0], "c100_resnetec_n_7_clf2": [32, 0.50506, 0.031919396, 0.0, 0.0], "resnetec_n_7_clf2": [32, 0.49921, 0.031913546, 0.0, 0.0], "resnetec_n_7_clf1": [32, 0.13377, 0.03198273, 0.0, 0.0], "resnetec_n_7_clf0": [32, 0.050026, 0.03373561, 0.0, 0.0], "resnetec_n_3_clf2": [32, 0.203786, 0.013005898, 0.0, 0.0], "resnetec_n_3_clf1": [32, 0.059786, 0.01304257, 0.0, 0.0], "resnetec_n_3_clf0": [32, 0.031466, 0.014730042, 0.0, 0.0], "c100_backtrack_doubling_small_clf2": [32, 6.738494, 0.009015494, 0.0, 0.0], "c100_resnet_n_7_clf2": [32, 0.50506, 0.031919396, 0.0, 0.0], "c100_backtrack_doubling_small_clf0": [32, 0.435816, 0.000816651, 0.0, 0.0], "c100_backtrack_doubling_small_clf1": [32, 1.707055, 0.006224911, 0.0, 0.0], "c100_backtrack_doubling_clf0": [32, 1.851992, 0.003108608, 0.0, 0.0], "c100_resnetec_n_18_clf0": [32, 0.103916, 0.086006772, 0.0, 0.0], "c100_backtrack_doubling_clf2": [32, 30.0834, 0.0462834, 0.0, 0.0], "c100_resnetec_n_18_clf1": [32, 0.343076, 0.08407402, 0.0, 0.0], "resnet_n_18_clf0": [32, 0.084138, 0.08598401, 0.0, 0.0], "resnet_n_18_clf1": [32, 0.328659, 0.084059626, 0.0, 0.0], "resnet_n_18_clf2": [32, 1.311626, 0.083909578, 0.0, 0.0], "backtrack_clf-1": [32, 9.393, 0.126, 0.0, 0.0], "gradual_thin_clf1": [32, 7.584655, 0.048332815, 0.0, 0.0], "gradual_thin_clf3": [32, 8.434255, 0.064172239, 0.0, 0.0], "gradual_thin_clf2": [32, 7.781617, 0.022455534, 0.0, 0.0], "c100_resnetec_n_18_clf2": [32, 1.317476, 0.083915428, 0.0, 0.0], "resnet_n_3_clf1": [32, 0.05121, 0.013034026, 0.0, 0.0], "resnet_n_3_clf0": [32, 0.014538, 0.01471313, 0.0, 0.0], "resnet_n_3_clf2": [32, 0.203786, 0.013005898, 0.0, 0.0], "gradual_clf1": [32, 140.024506, 0.180125856, 0.0, 0.0], "vgg_19": [224, 143.0, 19.6, 71.1, 89.8], "mobilenet_v1_050": [160, 1.32, 0.076, 59.9, 82.5], "vgg_16": [224, 138.0, 15.3, 71.5, 89.8], "c100_resnet_n_7_clf1": [32, 0.125194, 0.031974186, 0.0, 0.0], "nasnet_large": [331, 88.9, 23.8, 82.7, 96.2], "resnet_n_5_clf2": [32, 0.351498, 0.022459722, 0.0, 0.0], "resnet_n_5_clf1": [32, 0.088202, 0.022504106, 0.0, 0.0], "resnet_n_5_clf0": [32, 0.023818, 0.024215914, 0.0, 0.0]}